,Review_title,Review_body,Review_rating,Review_date
0,Good choice,Perfect size for daily use,4,2020-12-22
1,Pretty good,Nice,4,2020-12-20
2,Super!,Beast performance with best display.,5,2020-12-14
3,Just wow!,Good one,5,2020-12-12
4,Brilliant,Very Nice Product üëå,5,2020-12-12
5,Wonderful,Just go for it ‚ô•Ô∏è,5,2020-12-10
6,Perfect product!,This iPad is so more premium and when you actually hold it.. It so sexcy... I mean it's so worth the in hand..... The best performance with A12 chipset and it not like what you see in image. When you receive it you will realize how worth it is üòçüòòüòò,5,2020-12-09
7,Value-for-money,verything is perfect very niceüëçüèºUltra settings games/smooth performance/editingüëçüèºPubg mobile‚úÖCod mobile‚úÖAll type of games‚úÖEvery high graphic games‚úÖDon't think too much if you have money go for it simple.,4,2020-12-09
8,Fabulous!,Worth for money,5,2020-12-06
9,Highly recommended,nice product delivery was so first good experience .. and delivery boy was good and helpful,5,2020-12-04
10,Perfect product!,wesome product ipad,5,2020-12-03
11,Worth every penny,best ipad.. üëçüèª .. value for the money,5,2020-11-29
12,Great product,"Very handy. Form factor is awesome as a media consumption device for watching contents , web surfing, reading. Smooth with good display.",5,2020-11-29
13,Perfect product!,Great product loved it ‚ù§Ô∏èüëç,5,2020-11-27
14,Very poor,Wroth product Hitting issue at playing game,1,2020-11-27
15,Brilliant,Good,5,2020-11-26
16,Classy product,"Using it for just 5-6 days,but i can see visible scratches in the screen , so i recommend you to apply screen protector as soon as possible.Nothing else to complain about this beast üòéüòé",5,2020-11-24
17,Mind-blowing purchase,Nice Product....,5,2020-11-23
18,Good choice,wesome IPad,4,2020-11-23
19,Terrific,The ipad mini is very snappy. It's very handy to carry where ever you go. Bought it for 28k in big Diwali sale. Excellent service by flip kart.,5,2020-11-23
20,Great product,The brand name is enough to justify the performance,5,2020-11-23
21,Brilliant,This device performance op,5,2020-11-23
22,Delightful,Good,4,2020-11-23
23,Mind-blowing purchase,Fantastic item,5,2020-11-23
24,Perfect product!,wsome for gaming,5,2020-11-23
25,Just wow!,Very Good Item Value For Money And It Is Best For Pubg Gameplay,5,2020-11-23
26,Terrific purchase,Highly recommended I m happy with my I pad,5,2020-11-23
27,Terrific,Good product,5,2020-11-23
28,Classy product,super gaming and eaditing,5,2020-11-23
29,Does the job,Good to use the performance...üòç,3,2020-11-23
30,Classy product,I am thoroughly enjoying this tablet. Superb.,5,2020-11-23
31,Mind-blowing purchase,"1. Handy - Easy to carry anywhere.2. Excellent Performance.3. It will support Spatial Audio when watching the Dolby Atmos / Dolby Vision Movies by using Apple Air Pods Pro. Finally, Apple has     given the Movie theatre experience in the Air pods by using IPAD MINI 5. 4. Storage out of 64GB we have got 56GB free and Ram is 3GB with A12 Bionic.5. Good cameras at this price for facetime calls.6. While Playing heavy games like Call of Duty there is no frame drops & lags.7. YouTube videos ...",5,2020-11-23
32,Nice product,I am just satisfied with this but with in 1 week I have got a problem head phone jack is not working and I have returned that old one and I have bought a new one and about the performance excellent in games,4,2020-11-23
33,Classy product,Thank you Flipkart for this product.,5,2020-11-23
34,Wonderful,Beast,5,2020-11-23
35,Classy product,great,5,2020-11-23
36,Not recommended at all,Cameras very bad this right segment only for gaming is the best gaming trade,1,2020-11-23
37,Awesome,"I was scared initially to order online however was relieved after I received absolutely new product. Good for online reading, gaming and basic use.",5,2020-11-23
38,Mind-blowing purchase,best for gaming,5,2020-11-23
39,Highly recommended,It's working awesome. No faults.,5,2020-11-23
40,Fabulous!,Value for money,5,2020-11-23
41,Super!,I just love it..‚ù§Ô∏è,5,2020-11-23
42,Worth every penny,Performance beast,5,2020-11-23
43,Perfect product!,worth üíØ,5,2020-11-23
44,Terrific purchase,best,5,2020-11-23
45,Must buy!,wesome üëç,5,2020-11-23
46,Excellent,"Looking for book reading and ultra fast 4g experience ... go for it. No regret. Light , Compact and Powerful.",5,2020-11-23
47,Brilliant,Best for gaming,5,2020-11-23
48,Worthless,"Worse product,don't buy for gamiy",1,2020-11-23
49,Worthless,Guys please Dont  buy Apple products from Flipkart they are providing Chinese Apple product I am telling this because I am facing a problem and no support from Flipkart problem is product was not working then how come the product become apples according to there policy the product should be Apples For that I have to register my apple id on the device Flipkart provided me dead product and cheating when I call there customer care they told me to contact Apple when I contacted Apple say the same...,1,2020-11-23
50,Mind-blowing purchase,Best performance,5,2020-11-23
51,Worth the money,very good buy for the price..Gaming performance is OP..Must buy,4,2020-11-23
52,Must buy!,"Pubg khelne ke liye, ek dam #OP device hai..... without any waste your time, purchase it üëåüî•‚ù§Ô∏èü§ó",5,2020-11-23
53,Classy product,ne of my best buy till now..... Just loved it!!!!!,5,2020-11-23
54,Did not meet expectations,waste for  money,1,2020-11-23
55,Mind-blowing purchase,Best in this range!!!,5,2020-11-23
56,Classy product,Best budget best apple ipad,5,2020-11-23
57,Simply awesome,wesome For Gaming Light weight Performance OP Zero Lag PUBG when recording zero lag 60fps smooth beast device,5,2020-11-23
58,Terrific purchase,Best of best,5,2020-11-23
59,Highly recommended,Product is nice but delivery is poor or worst,5,2020-11-23
60,Wonderful,"I purchased it as an alternative to my mobile, without any annoying and interrupting calls....and it fits the bill perfectly.",5,2020-11-23
61,Super!,obust and Value for money,5,2020-11-23
62,Mind-blowing purchase,ISPLAY    =5üåüPerformance  =5üåüBattery=5üåüCamera=3üåüTotally this is a beastüòà,5,2020-11-23
63,Terrific purchase,"2019's best iPad , But not Suitable for Upcoming Years",5,2020-10-24
64,Best in the market!,s gaming propose its is best device for YouTuber,5,2020-10-24
65,Perfect product!,y daughter is very happy...thank u flipkart üòç,5,2020-10-24
66,Super!,I got only Rs 30000 rupees in big billion day for PUBG.thank you flipkart.,5,2020-10-24
67,Excellent,Thanks flipkart,5,2020-10-24
68,Excellent,It's A beast Ipad ..,5,2020-10-24
69,Fabulous!,Go for it...it‚Äôs mini beast for the price...and it‚Äôs totally worth for the moneyüòçüòç,5,2020-10-24
70,Decent product,"This device is strictly for CREATIVE PROFESSIONALS. I repeat, if you are buying it for gaming/entertainment purposes, you're going to regret buying it. I'll justify my opinion below:Display: The first big CON for entertainment and gaming. The display is an LCD display and as you all know it is not as good as Samsung's amoled displays. The colours are bit hazy while watching youtube. The black colour is almost reddish/greyish when viewed from an angle. Another reason the display is not for...",3,2020-10-24
71,Worth every penny,wesome product,5,2020-10-24
72,Awesome,ne of the best products from Apple's arsenal.Got it for 29k with discounts.Feels great on hands(not bulky)Must buy atleast 64gb...32 too less,5,2020-10-24
73,Just okay,Very good,3,2020-10-24
74,Awesome,Very very good product . Soo good for pubg .I have used it for 1 month till now I see noo lag in this ipad . This ipad is soo fast worth for monye,5,2020-10-24
75,Value-for-money,mazing,4,2020-10-24
76,Super!,If u are playing pubg and some of entertainment like Netflix and want the maximum performance and a clean optimization for pubg i highly recommend this product for pubg it has high Resolution and u are gone love that.after someday it heated but after installing the ios14 it is good no heating issues and no lags in the game in big billian days u can get for 32000 please go for it if u are a pubg lover,5,2020-10-24
77,Nice product,Goo blindly for it .if you want performance  the best gaming device and for amature photography editingAnd for multi media,4,2020-10-24
78,Terrific purchase,Best for pubg and video editing.,5,2020-10-24
79,Good quality product,This is my 1st ever apple product and I am glad that I bought it. Worth it for every penny spent. Long lasting battery performance(not for gamers though). Charging speed doesn't matter to me although for a normal person you are going to charge it at night and not going to need it throughout the day so don't worry about in-boxed charger.If you want to upgrade from 6 inch mobile screen to this device then you will be surprised for its compact nature. There are many tablets out there with bigge...,4,2020-10-24
80,Mind-blowing purchase,ctually yesterday night I ordered it for Gaming and Streaming flawlessly.. It's said I will receive it in 2 days .. But I was surprised I got the product by today evening which was so earlier than the actual time I'm pretty impressed by Flipkart ..,5,2020-10-24
81,Perfect product!,No need to ask for the performance the brand for itself,5,2020-10-24
82,Terrific,ecent machine to work on,5,2020-10-24
83,Perfect product!,lways a fan of apple products. Equally satisfied this time. Flipkart‚Äôs service of delivery was good. Good product received.,5,2020-10-24
84,Simply awesome,good,5,2020-10-24
85,Wonderful,Luv it ü•∞,4,2020-10-24
86,Expected a better product,isplay is not good... Within a week it gets damaged in touch screen... I used it only for 4 to 5 days and its display is blured in edges... Due to swiping the screen... üòî,2,2020-10-24
87,Simply awesome,This is the best device I have ever seen I'm loving it at all 100%Gaming 100%smooth as butter not a single lag or frame drop in any of game,5,2020-10-24
88,Best in the market!,wesome,5,2020-10-24
89,Fabulous!,Love this item,5,2020-10-24
90,Super!,very good ‚Ä¶‚Ä¶.really speeachless‚Ä¶..delivery before time ‚Ä¶thanks flipkartI bought it for pubg ‚Ä¶.,5,2020-10-24
91,Excellent,Nice products,5,2020-10-24
92,Best in the market!,y first iOS device .This is so incredible.nice display .I bought this for only gaming .this is mini amazing device easy to handle .Didn't has any type of lag in 4k graphics in pubg,5,2020-10-24
93,Brilliant,Just a beast in my hands guys...such a wonderful device... everything is just a beast level...just go for it ..I can assure you that you'll never regret for buying it,5,2020-10-24
94,Classy product,Best for pubg want to show its gameplay go on my youtube channel VIDHAYAK GAMING,5,2020-10-24
95,Nice,Super awesome device just the delievry was late,3,2020-10-24
96,Very Good,Product was fine but Absolutely Ridiculous packing with lots of dent on box.. i was scared is that product is fine..not a single bubble rap around the box Disgusting Flipkart.,4,2020-10-24
97,Simply awesome,wesome,5,2020-10-24
98,Best in the market!,Nice product best üëå for pubg fast delivery 3 days ‚ò∫Ô∏èüî•,5,2020-10-24
99,Delightful,Good product,4,2020-09-24
100,Nice,Heat issue,3,2020-09-24
101,Worth every penny,mazing product from Apple and Superb delivery by Flipkart.,5,2020-09-24
102,Classy product,xcellent product,5,2020-09-24
103,Awesome,"It‚Äôs a great device especially for Kindle reading, note taking with Apple Pencil (Gen-1), 256 Gb proves as a great secondary device to my iPhone. It‚Äôs light weight and you can carry it along anywhere you go.",5,2020-09-24
104,Highly recommended,xcellent product by apple! As expected! üëç,5,2020-09-24
105,Excellent,Best product üëçüëçüëçüëçüëçüëçüëç,5,2020-09-24
106,Great product,I bought only for pubg and streaming (content creator) just loved itMy first apple product......,5,2020-09-24
107,Terrible product,"wanted to play pubg,by the time it reached me,govt banned pubg,so i downloaded pubg korean. work hard,earn money,buy ipad,play games, repeat",1,2020-09-24
108,Super!,"IT IS VERY GOOD PRODUCT OF APPLE BRAND AND ITS SO GOOD FOR GAMING ESPECIALLY PUBG,COD,FREE FIRE AND ETC.I REALLY LOVE THIS IPAD MINI‚ù§Ô∏è",5,2020-09-24
109,Must buy!,It is great for those who travel most and also very compact size easy to hold and you can say small packet with a powerful chipset love this product,5,2020-09-24
110,Great product,Best I pad for pubg u can easily do 4 finger claw,5,2020-09-24
111,Wonderful,This i pad mini is best for pubg 60 fps smooth pubg.no weaste of moneyüëåüèºvalue of money,5,2020-09-24
112,Simply awesome,Best ever,5,2020-09-24
113,Nice product,Nice budget tablet for student.,4,2020-09-24
114,Terrific,"mazing tab for media consumption, gaming, video editing, it's not just a device it's partner üî•",5,2020-09-24
115,Worth the money,Good for gaming like Pubg,4,2020-09-24
116,Terrific purchase,Wonderful product,5,2020-09-24
117,Excellent,Ipad is üî•üî•Only thing i disappointed is Charger adtper is Good but The lighting cable Provided by Apple is Very Delicate. EVERYTHING IS üî•üî•üî•,5,2020-09-24
118,Highly recommended,"Quality is okay,display could have been bettter and apple should provide some temporary protection film along with the iPad.rest it‚Äôs okay fine.u can go for it +check out tab s7 too guys,this beast is launched recently and comes with more features .",5,2020-09-24
119,Simply awesome,Best for pubg and streaming games,5,2020-09-24
120,Very Good,very good,4,2020-09-24
121,Excellent,ini beastüòçüëç,5,2020-09-24
122,Perfect product!,Why my ipad mini 5 charging power dapter turn stop charging..adapter isn't working I use another mobile adapter it will working..,5,2020-09-24
123,Brilliant,It takes 2.30 hours to fully charge itself . I think it's so long But the battery life is pretty good,5,2020-09-24
124,Must buy!,"Well, it's an iPad released in 2019, having 7.9 inch IPS Retina display. There are still plenty of reasons to buy it in 2020. You can watch videos in YouTube regarding this if required. Thanks to Apple's A12 bionic chip with 3gb RAM runs buttery smooth with zero lag and unlike android sheer performance can be observed in iPad. iPad OS makes the user experience even better. Sites are opened as desktop site in browser. There're dual stereo speakers of good quality and thankfully, 3.5mm jack is ...",5,2020-09-24
125,Brilliant,pple is always apple,5,2020-09-24
126,Perfect product!,Its good,5,2020-09-24
127,Great product,Very good fir pubg game play,5,2020-09-24
128,Good choice,Nice performance Device for Gaming ü§ó.,4,2020-09-24
129,Simply awesome,Best for pubg good battery life good performance no lagGood for all students,5,2020-09-24
130,Terrific,It's amazing.. Best device for pubg,5,2020-09-24
131,Mind-blowing purchase,I previously had an iPad 6th generation. I wanted a good device for a pubg . Then I saw the iPad mini 5 and I just ordered it. The performance is very good if you are working in dealy or  playing a game. Battery backup is also good. So I‚Äôll give you 10 out of 10 for of some performance even you can record games no heating issues When you will have to use this product then you will realise the premium Ness of Apple products.üôÇ,5,2020-09-24
132,Brilliant,Nice & powerful performance,5,2020-09-24
133,Wonderful,Very good üëç,5,2020-09-24
134,Awesome,Just buy dont think,5,2020-09-24
135,Simply awesome,Seriously the device I am waiting for,5,2020-09-24
136,Nice product,nic product and fast delivery in 3 days .,4,2020-09-24
137,Super!,Good,5,2020-09-24
138,Wonderful,Best tablet Market,5,2020-09-24
139,Fabulous!,Perfect to play pubg!! You would notice more detail in-game which you would have not experienced on other devices.,5,2020-09-24
140,Best device under 35K,"I'm using this iPad for 3 days now with an average usage of almost 10 hrs a day with at least 5 hrs of gaming and I can say this device never felt lagging, it's a beast packed into small container. Batter backup is awesome, performance is top notch, camera is Okay although who uses camera in iPad.",5,2020-09-24
141,Wonderful,"Thank u Flipkart for the expeditiously great delivery. I received the product within 2 days. It‚Äôs an mini IPad Pro u can say with powerful processor and butter like display. I was very much confused about the size of the product as this is my first tablet, but decision was right in this purchase. The device is very slim and handy. I got space grey which is astonishingly superb.Must buy product . Thank u Flipkart once agin for a genuine apple product.",5,2020-09-24
142,Awesome,The best budget ipad. Hatsoff!,5,2020-09-24
143,Mind-blowing purchase,For gamers..Romba nalla erukum play panna.. Pubg 7 hrs varum.Best device for  streamers.Nambi vangalam this is my review.Charging also speed,5,2020-09-24
144,Excellent,Superb must have device after 13.6 os upadate,5,2020-08-25
145,Utterly Disappointed,Battery backup is very bad.I almost use it for Pubg but after full charge its give me 2 hrs of gameplay.I tell that gameplay is smooth.No lag and any issue.One more thing that ita heat a lot and even sometime ita became like iron.Otherwise all are Pros and performance wise its a gaming beast.If u are a true gamer and want a perfect device for pubg that just go with it.You are gonna to love it.,1,2020-08-25
146,Terrific purchase,Just loved it,5,2020-08-25
147,Best in the market!,I'm apubg  gamer & I love my ipad,5,2020-08-25
148,Must buy!,very nice device but took too long to received,5,2020-08-25
149,Great product,I must say it is worth every penny. I'm completely satisfied with the product and Flipkart delivery. It suits for heavy gaming.,5,2020-08-25
150,Great product,Better,5,2020-08-25
151,Mind-blowing purchase,What to say about this beast!! Awesome product by apple!! Screen resolution is phenomenal!! And thanks to flipkart for delivering it in time !!,5,2020-08-25
152,Excellent,Lightning cable issue,5,2020-08-25
153,Fabulous!,Very Sexy thingü§©,5,2020-08-25
154,Simply awesome,Super upped,5,2020-08-25
155,Good choice,I took it for pubg and youtube but when i start screen recording sometimes audio is out of sync and sometimes it doesn't record internal sound ... Pubg runs so well ....,4,2020-08-25
156,Awesome,"Very satisfied. People confused in between iPad 7(th) generation NB iPad mini 5. You should go for for Ipad if you are looking for bigger screen and if performance does not matter. If you want performance and compact iPad, for this iPad mini is best until next generation comes out.",5,2020-08-25
157,Terrific,wesome product by Apple...also great for PUBG with 60 Fps,5,2020-08-25
158,Absolute rubbish!,isplay issue my iPad,1,2020-08-25
159,Just wow!,Best performance,5,2020-08-25
160,Nice,"I am facing a little problem while charging the iPad, sometimes it doesn't charge... Otherwise everything is very Perfect...",3,2020-08-25
161,Mind-blowing purchase,Beast,5,2020-08-25
162,Must buy!,pple is apple,5,2020-08-25
163,Nice product,Nice product to buy,4,2020-08-25
164,Wonderful,BAST IPAD OP üëçüëçüëåüíìüíìIPAD MINI IS BAST IP,5,2020-08-25
165,Excellent,Very effective while gaming..,5,2020-08-25
166,Excellent,wesome,5,2020-08-25
167,Super!,Nice fore gaming but if u screen recording 1hour then fill your 20 gb space so u purchase 258 gb rom,5,2020-08-25
168,Terrific,wesome ipad just love it from my bottom of heart. As I am PUBG ADDICTED my motto was play Lag free and excellent performance. Just buy it if you can afford 35k.,5,2020-08-25
169,Classy product,"Serves the purpose...Preferred it over IPAD 10.2...Stronger/latest processor, true tone, high pixel density, better front camera for online meetings (need of the hour) etc etc etc",5,2020-08-25
170,Terrific,Battery backups for 4-4:30 hr during game only. Screen quality is too good. Best for gaming. As it is thin it gets hot too frequently. Camera is below average,5,2020-08-25
171,Highly recommended,Best device ever üòå,5,2020-08-25
172,Classy product,Love this ipad. It's the best device for playing pubg mobile. I bought this ipad only to play pubg. And I love it. My KD increased from 2 to 4.,5,2020-08-25
173,Just wow!,Performance excellent,5,2020-08-25
174,Great product,It's my first Apple Product and I bought it for PUBG and streaming.,5,2020-08-25
175,Simply awesome,xtraordinary ipad purchase.. The a12 bionic chip is very good for games... But we should compromise in cameras . Is it's not good but ok in the lights.. Worth for money product.,5,2020-08-25
176,Fabulous!,Best for gaming pubg mobile,5,2020-08-25
177,Classy product,ust buy if u r a pubg lover üòé,5,2020-08-25
178,Classy product,sm product,5,2020-08-25
179,Value-for-money,mazing as a Gaming Device but if u have a little budget then go for Ipad Air 3 for Better Display üòÅ,4,2020-08-25
180,Excellent,Gud,5,2020-08-25
181,Terrific purchase,mazing Product with awesome feelYou feel like you're in seventh heaven while using for the first time I'm a web developer and love apple productsIf you have budget surely go for itThank you Flipkart ü•∞,5,2020-08-25
182,Very Good,Nice product,4,2020-08-25
183,Must buy!,This is too good. Everything is nice about this product..,5,2020-08-25
184,Great product,Better battery and good work,5,2020-08-25
185,Nice product,Best product for gaming.Little heating problems. But still best product.,4,2020-08-25
186,Simply awesome,Very nice product,5,2020-08-25
187,Worth the money,"Giving 4 stars just because they dont even bother to give any cover , not screen nor back....we spending huge for this...otherwise the product itself is awesome",4,2020-08-25
188,Terrific purchase,love you seller very good workthanks flipkart üòçüòçüòçüòçüòçüòçüòçüòç,5,2020-08-25
189,Great product,its power full  performance  but heating sometime üòüüòïüòï,5,2020-08-25
190,Highly recommended,Flipkart shipment very good product value for money,5,2020-08-25
191,Brilliant,This is amazing.if you are a student go for it .,5,2020-08-25
192,Pretty good,Not bad you can go for it..,4,2020-08-25
193,Wonderful,am good product. Plays fortnite at 60fps than playstation 4 console. This screen is enough to play or watch movies,5,2020-08-25
194,Very Good,Value for money,4,2020-08-25
195,Super!,ust buy performance beast its faster than one plus 8 in performance if you want performance then go for ipad and if you want camera than one plus and also boycott china goods jai hindüáÆüá≥üáÆüá≥üáÆüá≥üáÆüá≥,5,2020-08-25
196,Fabulous!,very good,5,2020-08-25
197,Terrific,Best for pubg and other games,5,2020-08-25
198,Brilliant,wesome purchase,5,2020-08-25
199,Perfect product!,"I must say this ""MINI"" is a Beast üòç",5,2020-08-25
200,Wonderful,Bast ipad,5,2020-08-25
201,Super!,Got this delivered in 4days. Loved the tab. Only prblm withe packaging of the flipkart. Worst packaging..,5,2020-08-25
202,Wonderful,Great üòçüòçüòçüòçüòçüòç,5,2020-07-26
203,Super!,Bast ipad,5,2020-07-26
204,Best in the market!,ind Blowing Purchase.....love it,5,2020-07-26
205,Terrific purchase,"Got a genuine product. Bionic A12 chip is damn smooth and amazing. Perfect for games like pubg. Pubg runs super smooth on it. Battery life is 3.5 hours with constant gaming and around 20 hours with average net surfing and other things. However, it takes a long time to charge which is about 2 hours 20 mins. Display is amazing and bright. Really happy with the product.. Thank you Flipkart!",5,2020-07-26
206,Brilliant,ust buyBeast for gaming half computer and half smartphone.My best purchase ever ‚ù§Ô∏è,5,2020-07-26
207,Terrific purchase,Turific performance,5,2020-07-26
208,Wonderful,Nice product,4,2020-07-26
209,Terrific,"Best In class product thanks Flipkart for availability in lockdown, but it got charging issues it doesn't start to charge immediately it takes 10-20 seconds or never starts charging i think this is an ios glitch!!!!!!!!",5,2020-07-26
210,Worth every penny,wesome product.. everything run smoothly in this device..and amazing experience in gaming.. it's toooooooo good..and it's obviously value for money..,5,2020-07-26
211,Just wow!,Good ipad mini 2019 ü§óü§ó,5,2020-07-26
212,Mind-blowing purchase,Very good,5,2020-07-26
213,Not good,Waste of money...If you are buying this for PUBG please dontit has ghost touch issue while playong pubg  touch stops working aur starts automaticay workingIf you will go for service then they will not be able check the problem you dealt with. They will just check it normally as a tab and give you back as it as saying that everything is fine in ipadif you are claw or competitive player then go for X,2,2020-07-26
214,Classy product,"Best device under 30k for playing codm, got mine for 28k .",5,2020-07-26
215,Classy product,Value for money,5,2020-07-26
216,Fabulous!,"This is just awesome. Absolutely killer performance and battery life. I bought this only for gaming and office purposes and I'm very happy. I personally prefer non cellular because who does calling on these big tablets, though you can still facetime and video call in messenger and other compatible apps.",5,2020-07-26
217,Best in the market!,"Fabulous. I play pubg above 4 hours continuously, no heating issue.",5,2020-07-26
218,Wonderful,Superbüòçüòçüòç,5,2020-07-26
219,Just wow!,ne of the best tab as everü•∞,5,2020-07-26
220,Terrific purchase,This thing is beast for every task ? definitely go for it Am updating my review if you're buying it for pubg or heavy usage do buy a screen guard for this in 15 days i started seeing big scratchy spots on my screen.,5,2020-07-26
221,Nice product,Blindly go for this product its original and performance is very good I play a lot on my ipad and do editing make montage video it's very fast .,4,2020-07-26
222,Super!,uns smooth. Best for students and kids for learning. Good product. Although camera is very average but tabs are not for camera right.,5,2020-07-26
223,Good choice,"Good product, with this range.üëç",4,2020-07-26
224,Great product,Good For Gaming,5,2020-07-26
225,Expected a better product,Heating issue gaming time & charging time otherwise good performance and ultra smooth pubg gaming experience..,2,2020-07-26
226,Not recommended at all,"Seriously,  I m facing touch issue in game ...otherwise device is beast. Pubg movement joystick not respond properly..",1,2020-06-26
227,Good choice,"ll are good.even delivered also in timely, But packaging is bad. When i picked it and saw packeging of it, i am disappointed a little bit. Plz   You should some improvisation in your pakaging material Nd system.",4,2020-06-26
228,Must buy!,"Just wow, great performance.Worth every penny.",5,2020-06-26
229,Awesome,mazing product must buy üëåüëåüëå,5,2020-06-26
230,Classy product,Best iPad Ever Best In Class üëåTop Notch In Every Aspect Rather Than you Don't want a Bigger Screen üòâ,5,2020-06-26
231,Brilliant,Good for pubg,5,2020-06-26
232,Just wow!,aster piece from AppleExcellent tablet for people on the move .. still very powerful than some old generation Mac book. No difference between iPad Air 3 and iPad mini 5 except the screen size and smart connector not available use Apple keyboard. But still Bluetooth keyboard can connected. It is very powerful for gaming and video editing. Since it has the A12 Bionic chipset expect the iOS update will be available for next 4 to 5 years. Therefore Worth every penny.Only I have to pay MRP pr...,5,2020-06-26
233,Terrific purchase,It is the fab. Ipad I loved it.,5,2020-06-26
234,Not good,"First of all dont buy this tab if you want calling facility.This only supports calling through whatsapp, skype wtc etc. but dont think that it has 4g so yoy can call by sim...Sim calling feature not available...sim is available only for internet...But if your planning to buy for gaming..then its awesome...more then expectations in performance..Front Camera is bad but rear camera is good when i compared to redmi note 8 pro... but worst compared to vivo v15 pro..  dont go for camera...pads ...",2,2020-06-26
235,Excellent,This is awsm i jst love it...,5,2020-06-26
236,Just wow!,#just_go_for_it!,5,2020-06-26
237,Worth every penny,Superb phone.,5,2020-06-26
238,Slightly disappointed,"fter using one month there is touch issue during gaming touch stopped working suddenly and it intermittent ony happens during gaming, its so irritating while gaming. I' m so disappointed with it. Anyone suggest what should I do now?",2,2020-06-26
239,Fabulous!,Just awesome,5,2020-06-26
240,Perfect product!,Good apple always best,5,2020-06-26
241,pubg beast,magnum opus for playing pubg .,5,2020-06-26
242,Must buy!,wesome no more words for pubg is a great device no heating no lag even battery is so gud,5,2020-06-26
243,Just wow!,Very nice product,5,2020-06-26
244,Super!,12 chip is beast,5,2020-06-26
245,Terrific purchase,wsome product by apple,5,2020-06-26
246,Perfect product!,Its for all purpose like gaming and another work i  parsonaly bye it for gaming,5,2020-06-26
247,Best in the market!,Its nothing like anything awesome experience,5,2020-06-26
248,Fabulous!,Good to use. Children play games but don't study.,5,2020-06-26
249,Just wow!,Its just amazing... Best in budget and performance is superb..... Decent cam.  And i suggest to buy it without any doubt...,5,2020-06-26
250,Terrific purchase,ost valuable and powerful ipad on budget,5,2020-06-26
251,Super!,xcellent product. If someone think to buy 865 processor android phone i tell them dont buy cause iphone mini5 is beast.,5,2020-06-26
252,Mind-blowing purchase,I pad mini is not as much worthy as they say... if you want good camera go for i phone... if you want big display go for other tabs at cheaper rate for same benefit... if you want product wich is made with high precision better go for iphone,5,2020-06-26
253,Must buy!,"It‚Äôs handy and extremely powerful. I am writing this review from the device and it feels pleasure. Totally worth it and I had been waiting for this product to be in stock for a very long period of time. A12 Bionic chip and 3 GB RAM are extremely helpful for me to run heavy applications. On the other hand, the relatively smaller size makes it comfortable to carry and work anywhere and anytime. If you are a traveller, this device will never disappoint you. Go for it üëçüèΩ",5,2020-06-26
254,Great product,lso play in pubg kr,5,2020-06-26
255,Classy product,"Best for pubg mobile.stream,screen record with playing game at least 2.3 hours battery backup.really good product.",5,2020-06-26
256,Simply awesome,wesome product!,5,2020-06-26
257,Super!,"s always fast af ,slim handy as compare to others must go for it üëçüèª",5,2020-06-26
258,Very Good,Terrific purchase .....its a gaming beast,4,2020-06-26
259,Super!,Battery backup is superrr and best budget iPad for gaming,5,2020-06-26
260,Wonderful,Best,5,2020-06-26
261,Brilliant,fast service best product,5,2020-06-26
262,Mind-blowing purchase,Good product for pubg,5,2020-06-26
263,Classy product,"Best value for money. I chose to buy the iPad mini instead of an expensive phone and boy am I glad. It‚Äôs a superb device and can handle anything you throw at it. Be it gaming, reading e-books, browsing, editing, sketching and much more. It‚Äôs gonna last me years with the sort of software support Apple is renowned for. The only shortfall is when watching videos in certain aspect ratios as the black bars at the top and bottom of the video can get quite big. Nevertheless, great device and I absol...",5,2020-06-26
264,Classy product,If You Are A Real pubg lover then you should buyüòòüòòüòò it's just awsm,5,2020-06-26
265,Very poor,eceived faulty product .and Flipkart is saying to contact apple. If u still want to buy go for wifi only model. No use of carrier version. There is a problem in charging as well .Apple downgraded itself.,1,2020-05-27
266,Brilliant,y first apple product.. üòåü•≥ü•≥Worth buying,5,2020-05-27
267,Hated it!,It‚Äôs not supported to red I headphone,1,2020-05-27
268,Brilliant,Good product for gaming but problem in screen recording,5,2020-05-27
269,Absolute rubbish!,"Too much Heating issue, fast Battery drain, charging is too slow, charger cable is also easyly damage within 2 month, wifi connection is very poor, Gaming performance is good but experience is too bad because of too poor wifi connectivity ( I tried to solved everything but nothing happened) . Ping goes upto 600ms while playing online game like ping, mlbb etc.  Etc. .....Nothing are positive in this ipad mini 5, Wast of money, totally Wast. Dhabba hai sala.Ipad 6th gen is better then this ...",1,2020-05-27
270,Super!,wesome product beast for gaming,5,2020-05-27
271,Classy product,Close your eyes and buy it.,5,2020-05-27
272,Fabulous!,Great  for gameing,5,2020-05-27
273,Best in the market!,"I am purchasing this beast only for pubg mobile.it is easy to hold, pubg runs smoothly. Battery is very good. üëåüëåüëåüëåüëåüëåüëåüëå",5,2020-05-27
274,Really Nice,Writing after two days of usage.     Performance is good.      Little bit heating issue is there.    Overall it‚Äôs a good product.,4,2020-05-27
275,Awesome,"oesn't disappoint, other than the usual Apple critics! Using the cellular version with the Jio sim (Jio4GVoice app) and it's working fine thus far..",5,2020-05-27
276,Wonderful,Nice product...........but gets heated when u play high end games...............!!!,5,2020-05-27
277,Useless product Batter drains out very fast,Performance is very good. but battery has started to drain too fast. Not worth it.,1,2020-04-27
278,Just wow!,Good,5,2020-03-28
279,Fabulous!,Beast ipad. Best ipad of 2019.Crisp clear display.Sound is good.Performance is awesome. 5 of 5,5,2020-03-28
280,Very Good,Nice Product Only For Pubg Lover,4,2020-03-28
281,i bought it for gaming,beast performance,5,2020-03-28
282,Just wow!,Nice iPad,5,2020-03-28
283,Must buy!,Suberb,5,2020-03-28
284,Worth the money,"my first apple product,  and after using that,, i love it...  its better than any smartphone with similar price... very powerful processor than 855+",4,2020-03-28
285,Value-for-money,PUBG no lag ...Tru 60fps,4,2020-03-28
286,Wonderful,Very good product iPad,5,2020-03-28
287,Pretty good,4Star because Flipkart bad delivery service.iPad is Awesome.,4,2020-03-28
288,Great product,"I own a lot of Apple products, but this was my first iPad , man this is top class for art ,gaming(specially PubgM) butter smooth , and movies, I do photo editing also on this on Lightroom soo the display is damn good for doing all this stuff with a good battery life, buying an apple pencil will complete this beast of a tablet guys !",5,2020-03-28
289,Must buy!,Superb,5,2020-03-28
290,Perfect product!,Good performance.. best one,5,2020-03-28
291,Fabulous!,Valuable product for Students for making notes and reading. Good quality cameraGood experience in writing notes . Feels like writing on paper . For those who have interest in painting must to buy this iPad mini 5. Handy for users .,5,2020-03-28
292,Fabulous!,y first aaple product Best for gaming specially for pubgMyst go for it,5,2020-03-28
293,Awesome,Nic,5,2020-03-28
294,Great product,Great for gamers.....best pubg mobile device.....,5,2020-03-28
295,Slightly disappointed,ver powered Gaming god,2,2020-03-28
296,Best in the market!,fter 4months i put on my review its so fast till now very good display touch smooth battery is good enough i love it,5,2020-03-28
297,Best in the market!,play for pubg this ipad mini. op op perfect 60Fps.i think u gise trying 1time .,5,2020-03-28
298,Brilliant,It is Hany and easy to operate. Good for eBook readers. It is best to work on this  iPad mini for professionals and marketers rather than working on mobile or carrying hefty laptops. It is better than Android tablets because of post OS updates and service.,5,2020-03-28
299,Awesome,Best product worst delivery,5,2020-03-28
300,Did not meet expectations,Fell small shock while charging.,1,2020-02-27
301,Highly recommended,Its good,5,2020-02-27
302,Worth every penny,It‚Äôs only been a couple of days since I brought this iPad mini but boy do I love this little beast! If you‚Äôre a student and are looking for a portable computing device I‚Äôm pretty much sure the iPad mini can be a great choice for you! For a tech enthusiast like me I‚Äôd always prefer using something that I can carry it with myself anywhere I go and I must say that the iPad mini has fulfilled everything that I really needed!,5,2020-02-27
303,Just wow!,Using for past 5 months.. Excellent for PUBG.. Great perfonmance and display.. Got it for reading my pdf class notes and pubg and does the work 100%. Battery is a beast.. a complete satisfactory purchase..,5,2020-02-27
304,Don't think twice. Just get it. U won't repent.,"I have already a 6th gen 9.7 inch. I was looking for a Pro or Air for music production. But they comes with new C type connector. Earlier I bought a lighting to usb 3 camera connection kit. That kit works with mini 5. And this model supports my apple pencil 1. So I picked mini 5. Before I got the tab I did not like the size. But after using it for 4-5 days I understand that I was wrong. The display is too good, far better than the 9.7 6th gen. Moreover, I can hold it with one hand. This is re...",5,2020-02-27
305,Excellent,Good,5,2020-02-27
306,Just wow!,"Best for gaming,reading, watching movie.You will able to play any game on top most settings without any lag",5,2020-02-27
307,Highly recommended,nly con is camera. Perfect for a student.,5,2020-02-27
308,Best in the market!,Love the Performance Small beast,5,2020-02-27
309,Highly recommended,Just buy it and enjoy,5,2020-02-27
310,Fabulous!,Great product from Apple! Must buy if you want a portable iPad. So far so good!,5,2020-02-27
311,Worth every penny,Camera is also good.. but main reason is to scan documents etc....but even thought selfies and camera is preety well,5,2020-02-27
312,Excellent,"Ipad mini5 is a very cool and smooth like butter,and value for money ,the processor is A12bionic chip set is awesome for gameing like PUBG and etc .it's running very smooth and faster then other Apple phone.the 3gb RAM is most beating any other android 8/12gb ram .i Loved ipad mini 5 as my opinion",5,2020-02-27
313,Just wow!,wesome product in reasonable price . Beginners for ipad should go for this .,5,2020-02-27
314,Highly recommended,one of the best apple ipads i have ever used.!best for everythingi bought it for gaming as well as reading does all the jobs excellent,5,2020-02-27
315,Great product,wesome,5,2020-01-28
316,Awesome,Gaming beast,5,2020-01-28
317,Simply awesome,This is gaming beast. I bought it specially for gaming and non programming works.This would be a good investment for college students. It will help you a lot in studies as well as in entertainment. This ipad is 'OP'üî•.,5,2020-01-28
318,Good choice,Good product,4,2020-01-28
319,Perfect product!,"Best apple product under this price, A12 bionic chip which is enough for gaming like pubg :) and editing process",5,2020-01-28
320,Super!,wesome,5,2020-01-28
321,Unsatisfactory,on‚Äôt waste your money,1,2020-01-28
322,Terrific,Best of pubg game play,5,2020-01-28
323,Terrific purchase,Loved the Performance of iPad Mini üòç,5,2020-01-28
324,Seamless performance!,"Bought it for playing games. Have been using it for 2 months now, no lagging or stuttering observed till date. Battery backup is also good.",5,2020-01-28
325,Great product,iPad name itself is self explanatory,5,2019-12-23
326,Brilliant,really good product for gaming video editing beast mini power house,5,2019-12-23
327,Perfect product!,best for gaming and everyday use,5,2019-12-23
328,Really Nice,my first time using apple product kina love it,4,2019-12-23
329,Worthless,"worst to buy in flipkart , go to apple store ... my charger adapter not working properly worst",1,2019-12-23
330,Value-for-money,It's worth for money,4,2019-12-23
331,Excellent,i love it,5,2019-12-23
332,Best in the market!,on time delivery. all ok but camera sucks. although all good,5,2019-12-23
333,Fabulous!,"I purchased this ipad mini 5th gen in August 2019. And its December 2019 now. Gaming and reading does not have any problem in this. I play PUBG everyday and it plays the game with breeze. No lag, no disconnection problem. Battery is very good. It gives the backup of 2 days in normal to heavy usage. Sound quality in headphones is very loud and crisp. And fingerprint sensor works nicely without delay. Picture quality is very good. But the camera quality is average. Good for tablets. Overall a ...",5,2019-12-23
334,Terrific purchase,overall it's nice product,5,2019-12-23
335,Just wow!,exactly the beastüòà,5,2019-12-23
336,Worth the money,good product,4,2019-12-23
337,Best in the market!,good,5,2019-11-23
338,Must buy!,in love with this I pad ...I made mistake buying xs max for 1.24 lakhs instead I could have have bought I pro...buttery smooth function ...I m becoming a pubg pro with with this I pad...no lag no no heating issue only the spot where apple should upgrade is there battery back up...runs like a monster...in android devices when a squad or tp rushes u get lags because the processor cannot keep with ur may it be snapdragon but a12 bionic runs smooth may u give him tons of task at the same time... ...,5,2019-11-23
339,Just wow!,"amazing performance help me a lot in my study, everything is perfect except camera(though nobody use ipad camera). worth every penny...",5,2019-11-23
340,Just wow!,"great product, best packing, standard supply. thank you.",5,2019-11-23
341,Fabulous!,super I pad mini for entertainment,5,2019-11-23
342,Wonderful,great portable product,5,2019-11-23
343,Fabulous!,Nice,5,2019-11-23
344,Utterly Disappointed,never buy mobile phone or tablets from flipkart. the seller always send oldest manufactured product.. same thing happen for my poco f1 ..it was year old manufactured ..and now with my iPad mini 2019 .it was not latest 3-4 months back manufacturing date.. due to which battery problems occur . I recommend buying from amazon. flipkart is no more trustworthy. disappointed.,1,2019-11-23
345,Must buy!,it's a great for PUBG and normal use. this is small but too strong.batteey performance is too good. if u are a gamer and you found a I pad then this is the best I pad m ever seen.,5,2019-11-23
346,Great product,I write review about i pad after 10 days uses and I consider performance by giving stars.Overall such amazing device by small package All ages prefer this for any usesFurthermore design and size doesn‚Äôt matter for me bcz it performance is out of world‚ù§Ô∏è,5,2019-11-23
347,Good,NT TRY TO BUY THIS IPAD FOR PUBG GAME BECOUSE FOR COMPETITIVE MATCHES IPAD IS NOT ALLOWED.  THEY GONNA RUN SOME SOFTWARE TO CHECK THE DEVICE  IF THEY FOUND U PLAYIMG IN IPAD THEY THEY SIMPLY KICK U OUT TRY TO PLAY AT PHONE GUYS ALL THE BEST,3,2019-11-23
348,Super!,the best you can get with such a form factor,5,2019-11-23
349,Highly recommended,"Bought this for PUBG Gaming. Totally Satisfied. Awesome Product for Gaming, Streaming & Recording. No lag at all. Feels like a premium touch in hand. Check the gaming videos and livestream done using this ipad mini on my YouTube channel. YouTube : Bengal Gamer ARG.",5,2019-11-23
350,Don't waste your money,Screen quality very poor..damage by touch only in 3 month,1,2019-11-23
351,Really Nice,"everything is good, expect charger",4,2019-11-23
352,Simply awesome,"I just love it!! bought it for my studies, have hundreds of PDF files in it, is pretty much all that I use it for, and it is brilliant! basically is very user friendly!",5,2019-11-23
353,Excellent,Flipkart service is excellent!product without damage,5,2019-11-23
354,Classy product,Thank you flipkart,5,2019-11-23
355,Awesome,"value for money it's been 3 days so far so good, i play fortnite 60 fps no lag no frame drop, i also check CodM high fps settings, it's good. you can easily use maximum 7 hours plus üëâ gaming & streaming battery life.",5,2019-11-23
356,Super!,Nice,5,2019-11-23
357,Brilliant,it is definitely the gaming beast with the a12 bionic inside ... good display and also with the small screen battery backup is awesome,5,2019-11-23
358,Brilliant,nice product,5,2019-11-23
359,Excellent,elivered on the promised day by Flipkart. However the setup of iPad had some issues with appleId setup and appstore launch. referred to some online tips and upgraded OS version(took an hour) and then everything started working fine...appstore was recognising appleID etc  iPad Mini is the best tab,5,2019-11-23
360,Worth the money,the ipad is  best for gaming !The bionic 12 chipset is easily handle pubg in extreme graphics !I impressed with it's performance .But the camera is just ok  .Not good .,4,2019-11-23
361,Brilliant,mazing product for gaming.,5,2019-11-23
362,Wonderful,my first Apple product.I'm really happy with performance of this ipad while playing PUBG....... don't waste your money on android tablets.....,4,2019-10-23
363,Worth every penny,Better than expect,5,2019-10-23
364,Mind-blowing purchase,it's a beast if snap855 is kingthen A12 bionic is Baadsah,5,2019-10-23
365,Terrific purchase,good for gaming,5,2019-10-23
366,Delightful,"it's a great device for playing pubg performance is superb, display is awesome, battery life is great, camera is disappointing just like every other tablet",4,2019-10-23
367,Simply awesome,wesome product Fast delivery Genuine product,5,2019-10-23
368,Excellent,Great performance and display but with a mediocre camera and okayish battery life. Sound via speaker is also fine. Great secondary device and best for gaming and entertainment. Apple arcade is also great with good  games and an honest price. For a first time ios user it's a little confusing at start as there are a lot of restrictions. Played both PUBG and COD and both ran without even breakung any sweat on highest graphics quality. Takes around 3 hrs to fully charge and lasts about half a day...,5,2019-10-23
369,Utterly Disappointed,"received a damaged item, bottom side corner is damaged,",1,2019-10-23
370,Worth every penny,my first Apple product i am buying for only pubg no lag no freme drops really satisfaction.,5,2019-10-23
371,Brilliant,Thanks üçé for this product in Chip price,5,2019-10-23
372,Worthless,I can‚Äôt download what‚Äôs up... need other mobile for connecting wifi...not easy to do so every time,1,2019-10-23
373,Mind-blowing purchase,its nice for Pubg.. smooth +extreme op.you can play like mortal after buy this ipad miniMD KHOKON,5,2019-10-23
374,Best in the market!,"Best quality , game play best ,",5,2019-10-23
375,Must buy!,best product give 10/10,5,2019-10-23
376,Wonderful,"mazing Apple product at this price. A true beast in terms of performance. I was amazed by the battery performance, didn't expect such great backup while playing PUBG. Totally a value for money product.",5,2019-10-23
377,Highly recommended,I am a first timer to the ios universe and it is a pretty big one. The preinstalled apps are great and there is huge choice available. The machine exceeds the expectations whatever one has. Overall very satisfied with the purchase. A big thumbs up for Flipkart for providing a good deal.,5,2019-10-23
378,Terrific,excellent condition,5,2019-10-23
379,Wonderful,iPad mini is just awesome .I specially bought for pubg.AKDAM MAKHAN GAMEPLAY..But Flipkart took so many days to deliver it.BAKI SAB BADIYA HE.,5,2019-10-23
380,Awesome,"love this product, exact in size and great performancego for it without any doubt in mindcamera can be improved, rest 10 out of 10.",5,2019-10-23
381,Classy product,"wesome product, too good performance... grt Battery,  bt poor  camera quality..",5,2019-10-23
382,Worth every penny,"Perfect device to have when you don't need a laptop or PC all the time. This device is just in-between PC and a Smartphone. If you are a student, this is your perfect partner. Gaming is amazing in this. I played PUBG and Call of Duty, I won most of the matches as the gameplay never lags.. 1st iPad of mine and I'm never regretting! Go for it! (I got it for 29,999 during Big-Billion sale)",5,2019-10-23
383,Highly recommended,In previous I thought that Apple devices are not value for money. Only designed for Premium users but when I bought my first apple device IPad mini 5 it changes the way to think about Apple brand. After using my iPad continuously 18 days I can say that every Apple device worth its price tag. It‚Äôs performance beyond my imagination. And I can play any game like pro . Too much cool display and high performance.,5,2019-10-23
384,Best in the market!,value for money....,5,2019-10-23
385,NIce pRoduct,"Product is good , the display is nice with more ppi.  Delivery in timely manner , purchased during festive sale.",4,2019-10-23
386,Worth every penny,It's my first apple product and this is amazing...,5,2019-10-23
387,Terrific,It is my first apple product. I especially bought it for PUBG mobile. everything is so smooth.Delivery is so fast i ordered on 3rd October and they delivered on 5th October.I really appreciate flipkart.,5,2019-10-23
388,Super!,I have find it very useful in my studies and other activities which I m doing in my iPad for doing productive work.,5,2019-10-23
389,Fabulous!,nice iPad but location could not be determined again and again.... though I reset it 2 time......,5,2019-10-23
390,Awesome,something that i wanna tell bout this ipad mini 2019 is...awesome performance thnx to A12 chipdecent battery goes upto 10hrs of youtubrj,5,2019-10-23
391,Really Nice,good but not the best small screen just little bigger than the smartphone,4,2019-10-23
392,Best in the market!,superb ipad from apple small compact smooth in performance at just 25k in big billion sale....thank u flipcart,5,2019-10-23
393,Terrific,awesome device,5,2019-10-23
394,Best in the market!,oh it's good for pubg mobile check out our videos on yt channel 'deathful',5,2019-10-23
395,Classy product,used 3 days something wrong with headset input,5,2019-10-23
396,Nice product,There is a glitch in my unit I can't use 6 finger claw in Pubg I don't know is it a glitch in app or ios itself,4,2019-10-23
397,Just okay,"Cons-Firstly screen size is short for me  , display quality is not so good. Not good for multitasking  , and Offcourse price is high... pros- smart looking, light weighted, easy to carry, fast working, easily connected with mobile hotspot. Overall average product for me",3,2019-10-23
398,Nice product,actually  a beast.. but very disappointed  by the delivery... almost took 14 days for delivery ..,4,2019-10-23
399,Terrific,ach and everything is great about this product,5,2019-10-23
400,Great product,"This is clearly an expensive product, however it's well worth the money.The general tablet ecosystem is pretty rubbish, and I've been looking for a tablet for my kids and for home use in general. Looked at a few Android tablets and they all seemed subpar. Not to mention the fact that the only Android tablets worth buying are in the price range of an iPad.I picked the iPad mini over the 2019 iPad Beecher l mostly because of the A12 bionic chip in the mini. from an overall performance point...",5,2019-10-23
401,Good choice,Look and feel... GoodDisplay..... best in class.. n vibrantPerformance...best by its A12 bionic chipBattery...  best for wholedayCamera...Very goodNetwork connectivity... awesome,4,2019-10-23
402,Terrific purchase,iPad is good,5,2019-10-23
403,Terrific,Superb for gaming.,5,2019-10-23
404,Terrific,Best Device for This Budget It's better than most of the laptop in this Budget Totally Recommended.,5,2019-10-23
405,Great product,its value for money,5,2019-10-23
406,Highly recommended,Wow One of the best Ipad for PUBG MOBILE players can run the setting pretty smoothly in Balance and EXTREAM  mode Great Value affordability i have done a right invest here,5,2019-10-23
407,Really Nice,"in this price range (64 GB and WiFi only) this is the best iPad. As it gives 7.9 "" display, it's form factor allows you to take it with you anywhere and work on it on the way. Go for it.",4,2019-10-23
408,Wonderful,best in price,5,2019-10-23
409,Good quality product,"Very light weight , perfect size and very good for reading ebooks.Most of YouTube videos playing on it have problem with the aspect ratio.Screen quality is good with max 1080 videos, Brightness level is good and having no issues with outdoor usage.Audio is not that loud, my OnePlus phone is much louder than this.Touch is very responsive. Finger print also works well.ipadOS 13.1.2 update brings its capabilities to multitask, open multiple windows and otg support.Some of the demerits is f...",4,2019-10-23
410,Excellent,amazing üëå experience iPad mini üî• performance super üòç,5,2019-10-23
411,Fabulous!,Best for gaming,5,2019-10-23
412,Classy product,super,5,2019-10-23
413,Highly recommended,awesome product... value for money,5,2019-10-23
414,Worth every penny,it's amazing product,5,2019-10-23
415,Very Good,This Apple iPad is money for value,4,2019-10-23
416,Great product,VERY NICE PRODUCT BY APPLE ....AS I TOOK IT FOR PUBG AND PUBG RUNS VERY SMOOTH LIKE BUTTER...THE GRAPICS IN WHICH I PLAY IS HDR AND ULTRA ......GOOD BATTERY ....NICE WORK BY FLIPKART AND APPL,5,2019-10-23
417,Mind-blowing purchase,"this is the best iPad I've used,",5,2019-10-23
418,Excellent,Satisfied as expected üòä,5,2019-10-23
419,Awesome,"ust buy ipad from the whole ipad lineup, full value for money with respect to its price.",5,2019-10-23
420,Just wow!,The product was delivered less than 24 hours. Must buy for pubg lovers!! This little fella is made for entertainment and will not disappoint you. Office 365 apps works flawlessly.,5,2019-10-23
421,Perfect product!,This is the best tab at this price!!#beast,5,2019-10-23
422,Value-for-money,The best value for money iPad from available..ideal size for gaming..Flipkart took its time to deliver the product and there was no bubble rapping around the product..TX God I got the product in one piece.,4,2019-10-23
423,Terrific,very helpful for study,5,2019-10-23
424,Great product,the processor is OP... and the gaming experience is  ultimate... (RBB),5,2019-10-23
425,Worth every penny,Product is good!! Very late delivery from flipkart!! Had to wait more than 7 days to get the product delivered!,5,2019-10-23
426,Delightful,"good product from apple. Fast processing, game runs smooth. Lots of pre installed application made tasks easy. Because of iPad now planning for iPhone",4,2019-10-23
427,Mind-blowing purchase,wow it's wonderful ipad sofar I did not expect such a performance so... fast.. thanks to Apple,5,2019-10-23
428,Classy product,wesome experience with ipad os and powerful a12 processor.,5,2019-10-23
429,Very Good,"I wish i would have bought the ipad air 3 instead. Performance is insane only problem is diplay size and while streaming YouTube the screen size isn't utilitised to its best. The screen is almost as much as my one plus 5t . Think again before u buy it, ipad air will be a better option if u want a bigger screen.",4,2019-10-23
430,Super!,best product in my life,5,2019-10-23
431,very good product...,wesome product ..best device for gaming...amazing performance.. Awesome PUBG Experience. Very Smooth. If you are planning to purchase this for gaming then go for it..One word go for itIt‚Äôs powerful device...,5,2019-10-23
432,Just okay,ne of the most powerful iPad from Apple as fas as hardware is concerned but I‚Äôll just jot down few points which could have made it a brilliant proposition...The display has a very thick bazzle all around which makes your watching videos an unpleasant experience.The Video with current resolution is being played only on 40% of the screen and remaining 60% remains unused which is quite irritating.IPad Os 13 is full of bugs and keeps us hanging mid if the Apps and most of the time it ends ...,3,2019-10-23
433,Super!,Its just awesome.. a12 rocks ‚òùüèª‚úåüèª,5,2019-10-23
434,Very Good,"got genuine product, loving it.",4,2019-10-23
435,Terrific,Nice tab,5,2019-10-23
436,Just wow!,"iam getting 1 day battery backup, its true as per company feature, more over this TAB is equipped with A12 processor which is very fast for  pubg and other gaming.",5,2019-10-23
437,Decent product,This is beast best Ipad or tablet in this price range better than any android tablet. 5 star for ipad 0 star for flipkart as delivery boy told me to come to him for pickup which is around 1km away from the delivery location. Very poor service by ekart delivery partner...,3,2019-10-23
438,Wonderful,"I just love it,performance is equal to my friends iPhone XS MaxüòÄ,and running Fortnite on 60fps smoothly without a lagüòé",5,2019-10-23
439,Terrific,"You can never complain about this beast. If u are looking for best gaming device yes this A12 Bionic got your back...Heavy games like PUBG ,COD mobile, fortnite runs ultra smooth. And it is best value for money and I got it in big billion sale thanks to Flipkart I got it at affordable price...love you Flipkart..",5,2019-10-23
440,Simply awesome,"The best purchase I have made till now. This ipad is beast and perfectly made for my needs.Its worth your money.Camera is not that good,but ipads are not for camera.Gaming is on whole new experience and it's awesome.",5,2019-10-23
441,Great product,The best ipad anyone can get. amazing and fabulous in every aspect.,5,2019-10-23
442,Excellent,does the job,5,2019-10-23
443,Just wow!,Camera not satisfactory. Rest all great.,5,2019-10-23
444,Wonderful,better than others in this range,4,2019-10-23
445,Must buy!,awesome,5,2019-10-23
446,Fabulous!,it just amazing,5,2019-10-23
447,Excellent,unbelievable performance very good ipad super fast .camera not good . good for play gaming or watching videos,5,2019-10-23
448,Worth every penny,wesome love it,5,2019-10-23
449,Min-blowing Purchase :),Best device ever for gaming and entertainment.,5,2019-10-23
450,Fabulous!,the best,5,2019-10-23
451,Highly recommended,nice dry nice product,5,2019-10-23
452,Just wow!,"1.Delivered in perfect condition... I absolutely love itsize is perfect for guys who want to take it along travel or to work place 2.Easy to play games.. absolute flawless performance 3.Excellent battery..can give you 9-10 hrs of continues heavy usage4.Absolute amazing display 5.Sound quality also very good 6. Camera is OK as in most tablets are7.Light weight In a nutshell, if u want a apple device that's is not too big for hands nor too short this is it. it can blow away any games n...",5,2019-10-23
453,Must buy!,"Just like to say ""its a bomb! in a small package"". Every application works as smooth as butter.",5,2019-10-23
454,Classy product,"very good product but I has more bezel and I was thinking that I play every game in very high graphics settings but I am little unhappy by knowing that, I can play cod mobile in very high settings not max graphics settings and also you can play it in high graphics and max fps settings but it is slightly disappointed. you can also play fortnite in epic graphics settings and 30 fps frame rate. it is like a power house but camera is decent , front camera is pretty good, back camera is very poor,...",5,2019-10-23
455,Terrific purchase,I have purchased this device just for Pubg mobile and i must admit the performance is so much smooth. I am playing on smooth extreme graphics and the game is really smooth. Not a single lag even on hot droppibg like pochinki or georgo pol container. Best deal from big billion days.,5,2019-10-23
456,Utterly Disappointed,product was as defected as it can be. dented on sides . in my opinion the product is not worth buying.and most importantly the seller he should be barred from selling faulty products. the box was damaged and the piece inside had dent.,1,2019-10-23
457,Worth every penny,Best,5,2019-10-23
458,Super!,It is Like Boooooom,5,2019-10-23
459,Terrific,Great product.... Got it delivered amazingly fast too. Kudos to Apple and Flipkart!,5,2019-10-23
460,Great product,"This is a great product thanks Flipkart for BBD as I got this for just 27,999/-",5,2019-10-23
461,Classy product,wesome product  special for gaming and PUBG mobile üòçüòçüòç I really very happy with this..... thanks Flipkart,5,2019-09-23
462,Excellent,best budget iPad go for it,5,2019-09-23
463,Worth every penny,v good,5,2019-09-23
464,Very Good,gnice,4,2019-09-23
465,Could be way better,The Product is Great.but Flipkart Delivery Man Embarrased me when he was ecchanging my old phone with it.He took the phone in exchange but later at night he called my Mom and disturbed her saying The exchanged Phones buttoms not working.What a SCAM by FLIPKART,2,2019-09-23
466,Highly recommended,"What else I can say about this beast , its performance exceeds my expectations . Forget money this is the best mini tablets you can find on market . It‚Äôs worth every penny you spend on this . Navigation is smooth as butter and playing games , man o man it plays every game you throw at it .",5,2019-09-23
467,Terrific,"Just a beast for every performance, best battery backup I've ever seen, and if u are a kind of gamer u need thi buddy u definitely need this. Just go on for this, u shouldn't have any complaints.",5,2019-09-23
468,Highly recommended,.Value for money. best till date. with A12 bionic chip. I specially bought for playing pubg. which runs smoothly on 60fps. and no lag at all.,5,2019-09-23
469,Worth every penny,best device for gaminng pubg. fornite,5,2019-09-23
470,Good choice,Super product..but flipkart delivery is too slow,4,2019-09-23
471,Good choice,"so Apple need no introduction  i was about to buy iphone xs max then did my research and bought one plus 7 pro and ipad mini which same exact processor as xs, and i am not a big iPhone camera fan, so i dont need iPhone dual camera impression is well build premium tablet and display is great everything flows fast and smooth you will not find any better tablet than this which ticks everybox. but my only complaint is apple file managing system which is  very bad as I am from android which al...",4,2019-09-23
472,Best in the market!,mind blowing,5,2019-09-23
473,Brilliant,The 2019 version of iPad mini is a solid device. It has a niche market and it fills that market with ease. Performance is buttery smooth and the battery life is great for both active usage and standby. Recommended for anyone wanting a highly portable tablet with the processing power for a number of demanding tasks. Also great for reading ebooks.,5,2019-09-23
474,Highly recommended,verything ok except camera and MS word/excel compatibility,5,2019-09-23
475,Super!,best for gaming,5,2019-09-23
476,Just wow!,is awesome product price is some high for this size but apple is for premium customer and the performance and display quality and battery backup is like just wow !!A12 bionic 64 bit chip gives you extraordinary performance so this will give you new type feeling for next 3 to 4 years because in 6th gen ipad 2018  9'7 inch A 10 fusion chip processor is used which was launched in iPhone 7 in 2016 and same in ipad 2018 so apple always have future ready technology so no need to worry just enjoy i...,5,2019-08-23
477,Brilliant,no words. PUGB Player must buy.,5,2019-08-23
478,Perfect product!,wesome i love it better than 6th generation. Best for pubg players. HDR. Ultra. And direct live stream pubg no lag.,5,2019-08-23
479,Mind-blowing purchase,"portable, easy to carry, lightweight and looks classy",5,2019-08-23
480,Just wow!,The best if you are strictly considering the performance.... This is the a12 bionic beast,5,2019-08-23
481,Very Good,"amazing performance , high end graphics ,gaming videos audio and compact display every thing comes with tis small power pack product and also value for money",4,2019-08-23
482,Simply awesome,ne word go for it It‚Äôs powerful device,5,2019-08-23
483,Terrific purchase,Best for daily users,5,2019-08-23
484,Awesome,It‚Äôs a Tech Beast!,5,2019-08-23
485,Highly recommended,This is best ipad for gaming like this,5,2019-08-23
486,Super!,awesome product.,5,2019-08-23
487,Excellent,utstanding....,5,2019-08-23
488,Great product,best powerful ipad in just this price,5,2019-08-23
489,Brilliant,"arlier I was using android products and had an idea of apple being over priced but after this.....no competition with other products in any field, Really value for money. Mini 5 is good one for on the go usage and easy to hold,best tablet.",5,2019-08-23
490,Perfect product!,Its good in everything but we cant call anyone from this ipad who has not iphone or ipad,5,2019-08-23
491,Highly recommended,u will love it...,5,2019-08-23
492,Terrific purchase,better than any iPad . . compact and powerful beast . . supplement it with an apple pencil and you have organised your life . .,5,2019-08-23
493,Highly recommended,I bought this only for pubg mobile ... and after 4 days usage I have no hesitation to say that it performs really better than I expected.,5,2019-08-23
494,Nice product,"Thing of  beauty.. The display is good but not excellent like an OLED, the ios is awsome,this was the first time I  have been to the ios ecosystem, was an android user for the several years. Coming to the usability criterion I mainly use this as a media consumption device and for occasional reading for this purpose the device is exceptional. Apps are great and is seamlessly integrated to work with the a power packed hardware. Camera is little okay but serves the purpose never mind u won't b...",4,2019-07-23
495,Worthless,I purchased ipad mini 5 (2019 version ) on 1 st July and within one month the screen get cracked without any accident and I don't know what to do now.  The problem is that there is no support from Apple regarding this,1,2019-07-23
496,Worth every penny,Best IPad I have purchased  . Just go for it,5,2019-07-23
497,Awesome,Had been using this device for a week now and I will 100% recommend this for you to buy if you are a hardcore gamer or a content creator.,5,2019-07-23
498,Must buy!,amazing performance ever. just cool,5,2019-07-23
499,Perfect product!,"awesome product from apple,though its lacking in some features from it elder siblings like pro.But perfomance wise its a beast and pubg mobile is running buttery smooth on this device no lags at all.",5,2019-07-23
500,Wonderful,"small but powerful and smart, great display.",4,2019-07-23
501,Worth every penny,Top specs in small package. Performance is top notch with A12 Bionic chip. Good battery back up. Good display. Great for daily use surfing the net and heavy task.,5,2019-07-23
502,Delightful,awesome,4,2019-07-23
503,Best in the market!,"The most beautiful Apple product within Rs.35,000/-",5,2019-07-23
504,Simply awesome,That's the iPad that costs the true value of money spent. Go grab it!,5,2019-07-23
505,Good quality product,xcellent product. One star deducted due to no call and sms facility though having sim support. Apple should provide that functionality.,4,2019-07-23
506,Best in the market!,iPad mini 5 is the best tablet in this years. It‚Äôs most powerful tablet made for last 4 years. iPad mini have 2 problems1= camera.2= battery life.1= day time camera above the average but night time it‚Äôs very bad.2= the company clam its 10 hours but if u gaming its long lust 4 hours and if video or multitasking its holding around 8 hour,5,2019-07-23
507,Fabulous!,12 bionic chip is a beastWorth to buy this product,5,2019-07-23
508,Classy product,just buy it..üôèü§óüòçüòçüí•üí•üòçüòçüòçüòçüòçüòçüòçüòçüòçü§üü§üü§üü§üü§üüî•üî•üî•üî•,5,2019-07-23
509,Wonderful,"Ipad is cool ,i specially bought for pubg and i have made a gaming review on my YouTube channel.You can search my YouTube channel for gameplay on ipad mini 5YouTube channel name  - Jack U Gaming",5,2019-07-23
510,Must buy!,Just awesome beast a power house thAt can destroy anything u can throw on it..Apple soc + custom made apple graphics chip is all power u need . Design is cute no complaints but it can improve .everthing is just awesome coming from iPad Pro 10.5,5,2019-07-23
511,Value-for-money,"y first iPad & second Apple product. As far as experience is quite good. From reviews in YouTube and Flipkart, I found it to be fittest to serve my purposes.  Let's hope for the best. It has easy grip, stunning display and latest processor. I also has bought pencil-1 separately to make full use of it. Camera ok, battery is good. Purchase of a screen protector and cover is also recommended.",4,2019-07-23
512,Classy product,must buy for hardcore pubg gamer _ subscribe my channel coolestkidgaming,5,2019-07-23
513,Awesome,This is absolute device for all basic needs. Coupled with latest A12 chip it is fast as hell.  I have only played pubg and it runs buttery smooth even in ultra setting. No heating issue while gaming. The speaker is stereo and the sound output is crisp and clear. Great for reading books. Support apple pencil 1.0. Screen is small to take notes but u can. All in one is very portable fast and a great value for money.,5,2019-07-23
514,Simply awesome,I bought this iPad 1 month ago and now it's having multi touch problem when I play games for 2-3 hrs,5,2019-07-23
515,Excellent,best I pad,5,2019-07-23
516,Worth every penny,mazing performance,5,2019-07-23
517,Super!,good,5,2019-07-23
518,Terrific,just go for amazing for pubg‚ô•Ô∏è‚ô•Ô∏è‚ô•Ô∏è,5,2019-07-23
519,Highly recommended,"mazing performance, specially on Games and Multitasking...",5,2019-07-23
520,Just wow!,The best of the best with A12 and 256 GB.,5,2019-07-23
521,Wonderful,overall nice product,5,2019-07-23
522,Value-for-money,ore irritating drawback is that it doesn't have calling facility.,4,2019-07-23
523,Awesome,The best affordable ipad one can get.... its awesome..performance is great,5,2019-07-23
524,Wonderful,"bsolute Power house with portability in Mind. I had ordered it in May 13th and received on 17th May. Intially I bought it for media consumption and other some College Works , but I went for a tour next week where I found it portability comes to a great extent. I Intially used for music and movies during journey and occasionally some photos during tour and to my surprise Pics also came excellent due to A12 Chipset and It also handle any game out their in App store. Recently Apple Launched iPa...",5,2019-07-23
525,Awesome,wesome PUBG Experience. Very Smooth. If you are planning to purchase this for gaming then go for it.,5,2019-07-23
526,Highly recommended,"i bought this device not for any specific use but due to specs A12 bionic + 3gb ram .build wise ipad mini 4 and 5 are same .being first time apple user , the interface is very royal and awsome , lot of sweat involved in making this interface I guess .awsome to have an high spec apple product at low cost . very very good deal . better than snap dragon 855(see antutu bench score)    ,  with high refresh rate dont waste money on android flag ship . this is best deal in the given price ran...",5,2019-06-23
527,Excellent,ne of the most powerful iPad of this generation. A great and affordable gadget for youngsters. It‚Äôs much little weighted and easy to handle with premium finish as apple products used to have.,5,2019-06-23
528,Classy product,"portable cum powerful piece of beast is the new iPad mini 2019. Made my work pretty organised. Great battery life, no heating problem at all. Camera is good enough. Can be held in one hand. Fast delivery. Go for it if it‚Äôs within your budget.",5,2019-06-23
529,Wonderful,"bsolute beast is the only term I can use...It's AWESOME..great in all aspectssuper value for money. Whatever you do A12 got your back. Gaming, entertainment, work you are all set!! Kudos to devs",5,2019-06-23
530,Excellent,This tablet is powerhouse with a supergood battery life easily getting you 11-12 hours per full charge.,5,2019-06-23
531,Mind-blowing purchase,the display is too small . everything is fine,5,2019-06-23
532,Best in the market!,Best budget i pad ever !! Superb,5,2019-06-23
533,Perfect product!,"Gamers if u want a device which can last long , this is for you,what a battery performance. !!! outstanding",5,2019-06-23
534,Terrific,Got this BEAST today... Spent only 4 hours with it.PROS:1) CRISPY DISPLAY2) ULTRA PERFORMANCE3) BETTER AUDIO OUTPUT 3.5MM4) BEST FOR PUBG5) PERFECT SIZE FOR PORTABILITYCONS:1) OLD DESIGN2) AVERAGE CAMERA3) NO FAST CHARGER IN THE BOXFINAL WORDS:1)CLOSE YOUR EYES AND BUY IT IF YOU WANT A PORTABLE GAMING DEVICE.2)SINCE ITS AN APPLE PRODUCT AND THATSWHY ITS FUTURE PROOF.3)FLIPKART'S DELIVERY WAS AWESOME AS IT WAS WELL PACKED AND WAS AT TIME.,5,2019-06-23
535,Wonderful,Best Beast !,4,2019-06-23
536,Highly recommended,"mazing performance, buy any variant available in stock.",5,2019-06-23
537,Highly recommended,Cameras HDR dynamic range is just amazing back camera old 8mp sensor with improved low light photography and front camera same 7 mp found on iPhone XR/xs/xs max battery life is amazing charging time is not the fastest but fast enough A 12 bionic handles 4K 60fps HDR10+ video editing with no stutter gaming is amazing and no over heating issues at all. Both front and rear camera captures 1080p 30fps video with electronic image stabilisation . And I‚Äôm happy with my purchase,5,2019-06-23
538,Great product,wesome,5,2019-06-23
539,Great product,This product define Tablet class.the best ever smooth fast and reliable.,5,2019-05-23
540,Super!,best of the best,5,2019-05-23
541,Highly recommended,ont even think twice before buying this product.,5,2019-05-23
542,Awesome,"wesomeness, worth every single penny.",5,2019-05-23
543,Classy product,very nice,5,2019-05-23
544,Perfect product!,"wesome experience with the product. You can feel the quality involved once you start using. Pocket sized , best of all iPads according to size and price . Only con is it will not support apple 2nd gen ‚úèÔ∏è .",5,2019-05-23
545,Super!,"amazing performance, amazing battery life",5,2019-05-23
546,Highly recommended,"the best upgrade I ever had ,love with the product speed and performance, A12 bionic chip is futuristic as well as the cost is value for money",5,2019-05-23
547,Brilliant,Good tab in good cost,5,2019-05-23
548,Terrific,Just Amazing in all aspects..,5,2019-05-23
549,Did not meet expectations,i got a faulty device. after  1 month  of use now display  is dead..flipcart cheated me.. i paid  34900  & got an faulty  device..how can  it just possible  that a new Apple  device will be dead with in 1 month.. worst experience,1,2019-05-23
550,Terrific purchase,View my review in my YouTube channel....amazing product speedy delivery,5,2019-05-23
551,Terrific purchase,it is a first day. Still learning apple product is my first time but I am happy with it...,5,2019-05-23
552,Excellent,Good product for gaming and digital art.  Battery performance is very goodCamera quality is decent good.,5,2019-05-23
553,Moderate,"I gave 2 star because i cant record my screen, Every time i stop recording to save its unable to save recording & there is also so many software bugs which are so irritating like having problem in stereo game sound. Please help if anyone know its solution. Another thing is it got 2 deep scratches in 2 days of usage only even if i tried to keep it clean anytime. Poor scratch resistance. need a screen guard ASAP you unboxed it. :(",2,2019-05-23
554,Brilliant,i like the most its compact size but powerful and easy to portable when portability matters the most :),5,2019-05-23
555,Excellent,"my first apple ipad. am so excited with this, awsm  product, and thnku flip cart for fast delivery.",5,2019-05-23
556,Perfect product!,Nice Phone.. Good Performance and Camera quality is good. For Pubg Best Phone...,5,2019-04-23
557,Simply awesome,"Some may say its expensive, but dont forget that you are getting the fastest SoC at this price. The 2018 A12 Bionic chip STILL outperforms some of the 2019 Snapdragon 855 smartphones in certain tests. But remember the optimization of iOS which helps it perform better in real life usage.PROS: 1) Perfect size and Weight- Helps in hour long reading, surfing and specially playing games. Try playing PUBG on an  iPAD Pro for more than 1 hour, i bet your arms will start giving away,2) A12 Bionic...",5,2019-04-23
558,Awesome,"masterpiece crafted into a smaller body, only thing getting used to is iOS",5,2019-04-23
559,Awesome,best product ever bought in this price,5,2019-04-23
560,Perfect product!,Bought it few days from Flipkart.Apple pencil 1st Gen works flawlessly.Device is very smooth and battery life is great too.Perfect for designing on the go.,5,2019-04-23
561,Terrific purchase,"Great looks, fast performance , sleek design. I am primary using it for note taking. Apple Pencil works flawlessly with it. Overall it provides a great experience.",5,2019-04-23
562,Brilliant,"This is a Powerhouse. I bought this thing only for gaming, especially PUBG mobile. Everything is as smooth as butter. You can play like Mortal using this. I know many of you will be looking for the gaming reviews because this thing is best at gaming in the smartphone or tablet segment. Let it be any game, A12 got your back. No complaints.",5,2019-04-23
563,Terrific,y first Apple product1. Good battery life2. Awesome performance3. Good displayoverall it's an apple üòÅüòÅ,5,2019-04-23
